Time,Loss,
7.73508,0.507963,
15.4661,0.499915,
23.0239,0.4964,
